Window Size,Average Throughput
4,3.533657
8,4.039515
12,4.767208
16,4.858771
20,5.310430
24,5.673091
28,5.875709
32,6.289690
36,6.212896
40,6.569279
44,6.542920
48,6.807439
52,7.284069
56,7.449071
60,7.484493
64,7.965367
68,8.070508
72,8.378870
76,8.337210
80,8.483967
84,8.661654
88,8.771776
92,8.668666
96,9.142084
100,9.078151
