Window Size,Average Throughput
4,9.428512
8,18.582243
12,27.332647
16,35.687641
20,43.432560
24,50.821617
28,57.060696
32,62.913170
36,67.397659
40,70.584908
44,72.376968
48,72.975838
52,73.012878
56,73.009285
60,73.009285
64,73.009285
68,73.009285
72,73.009285
76,73.009285
80,73.009285
84,73.009285
88,73.009285
92,73.009285
96,73.009285
100,73.009285
